type,id,nomor_pb_umku,nama,website,sektor,nama_tampil_badan_hukum,nama_perusahaan,tanggal_daftar,tanggal_terbit,nomor_tanda_daftar,qr_code,status_id,sistem_elektronik_id,keterangan,lokalitas,self
tdpseTerbit,6690,null,MICO,micous.com,Sektor Teknologi Informasi dan Komunikasi,null,MICO WORLD LIMITED,2022-07-19,2022-07-19,004920.01/DJAI.PSE/07/2022,http://pse.kominfo.go.id/api/v1/jsonapi/tdpse-terbit/qr-code/6690,TERDAFTAR,6543,-,ASING,http://pse.kominfo.go.id/api/v1/jsonapi/tdpse-terbit/6690
tdpseTerbit,6684,null,HTTP://HEPAYMENT.99.COM/INDEX.ASPX,hepayment.99.com/index.aspx,Sektor Perdagangan,null,NETDRAGON,2022-07-19,2022-07-19,004914.02/DJAI.PSE/07/2022,http://pse.kominfo.go.id/api/v1/jsonapi/tdpse-terbit/qr-code/6684,TERDAFTAR,6537,-,ASING,http://pse.kominfo.go.id/api/v1/jsonapi/tdpse-terbit/6684
tdpseTerbit,6683,null,SHOPPINGMALL.99.COM,shoppingmall.99.com,Sektor Perdagangan,null,NETDRAGON,2022-07-19,2022-07-19,004914.01/DJAI.PSE/07/2022,http://pse.kominfo.go.id/api/v1/jsonapi/tdpse-terbit/qr-code/6683,TERDAFTAR,6536,-,ASING,http://pse.kominfo.go.id/api/v1/jsonapi/tdpse-terbit/6683
tdpseTerbit,6681,null,DISCORD,discord.com,Sektor Teknologi Informasi dan Komunikasi,null,DISCORD INC.,2022-07-19,2022-07-19,004913.01/DJAI.PSE/07/2022,http://pse.kominfo.go.id/api/v1/jsonapi/tdpse-terbit/qr-code/6681,TERDAFTAR,6532,-,ASING,http://pse.kominfo.go.id/api/v1/jsonapi/tdpse-terbit/6681
tdpseTerbit,6654,null,NETEASE GAME,neteasegames.com,Sektor Teknologi Informasi dan Komunikasi,null,NETEASE INTERACTIVE ENTERTAINMENT PTE. LTD.,2022-07-19,2022-07-19,004884.02/DJAI.PSE/07/2022,http://pse.kominfo.go.id/api/v1/jsonapi/tdpse-terbit/qr-code/6654,TERDAFTAR,6508,-,ASING,http://pse.kominfo.go.id/api/v1/jsonapi/tdpse-terbit/6654
tdpseTerbit,6653,null,NARAKA,narakathegame.com,Sektor Teknologi Informasi dan Komunikasi,null,NETEASE INTERACTIVE ENTERTAINMENT PTE. LTD.,2022-07-19,2022-07-19,004884.01/DJAI.PSE/07/2022,http://pse.kominfo.go.id/api/v1/jsonapi/tdpse-terbit/qr-code/6653,TERDAFTAR,6507,-,ASING,http://pse.kominfo.go.id/api/v1/jsonapi/tdpse-terbit/6653
tdpseTerbit,6650,null,EDGE COMPUTING SOLUTIONS,lumen.com,Sektor Teknologi Informasi dan Komunikasi,null,LEVEL 3 COMMUNICATIONS HONG KONG LIMITED,2022-07-19,2022-07-19,004882.01/DJAI.PSE/07/2022,http://pse.kominfo.go.id/api/v1/jsonapi/tdpse-terbit/qr-code/6650,TERDAFTAR,6505,-,ASING,http://pse.kominfo.go.id/api/v1/jsonapi/tdpse-terbit/6650
tdpseTerbit,6649,null,MUMU PLAYER,mumuglobal.com,Sektor Teknologi Informasi dan Komunikasi,null,HONG KONG NETEASE INTERACTIVE ENTERTAINMENT LIMITED,2022-07-19,2022-07-19,004879.02/DJAI.PSE/07/2022,http://pse.kominfo.go.id/api/v1/jsonapi/tdpse-terbit/qr-code/6649,TERDAFTAR,6504,-,ASING,http://pse.kominfo.go.id/api/v1/jsonapi/tdpse-terbit/6649
tdpseTerbit,6648,null,UU BOOSTER,uubooster.com,Sektor Teknologi Informasi dan Komunikasi,null,HONG KONG NETEASE INTERACTIVE ENTERTAINMENT LIMITED,2022-07-19,2022-07-19,004879.01/DJAI.PSE/07/2022,http://pse.kominfo.go.id/api/v1/jsonapi/tdpse-terbit/qr-code/6648,TERDAFTAR,6503,-,ASING,http://pse.kominfo.go.id/api/v1/jsonapi/tdpse-terbit/6648
tdpseTerbit,6644,null,MERIDIA°COLLECT,refinery.meridia.land,Sektor Pangan,null,MERIDIA LAND,2022-07-19,2022-07-19,004878.01/DJAI.PSE/07/2022,http://pse.kominfo.go.id/api/v1/jsonapi/tdpse-terbit/qr-code/6644,TERDAFTAR,6501,-,ASING,http://pse.kominfo.go.id/api/v1/jsonapi/tdpse-terbit/6644
tdpseTerbit,6640,null,OFFGAMERS GLOBAL PTE LTD,offgamers.com,Sektor Perdagangan,null,OFFGAMERS,2022-07-19,2022-07-19,004877.01/DJAI.PSE/07/2022,http://pse.kominfo.go.id/api/v1/jsonapi/tdpse-terbit/qr-code/6640,TERDAFTAR,6497,-,ASING,http://pse.kominfo.go.id/api/v1/jsonapi/tdpse-terbit/6640
tdpseTerbit,6576,null,NETFLIX,Netflix.com/id/,Sektor Perdagangan,null,NETFLIX PTE. LTD.,2022-07-19,2022-07-19,004825.01/DJAI.PSE/07/2022,http://pse.kominfo.go.id/api/v1/jsonapi/tdpse-terbit/qr-code/6576,TERDAFTAR,6434,-,ASING,http://pse.kominfo.go.id/api/v1/jsonapi/tdpse-terbit/6576
tdpseTerbit,6400,null,TEST YI XIA,guanmutong.com,Sektor Teknologi Informasi dan Komunikasi,null,RUOCHENG,2022-07-18,2022-07-18,004723.01/DJAI.PSE/07/2022,http://pse.kominfo.go.id/api/v1/jsonapi/tdpse-terbit/qr-code/6400,TERDAFTAR,6261,-,ASING,http://pse.kominfo.go.id/api/v1/jsonapi/tdpse-terbit/6400
tdpseTerbit,6398,null,SUZHOU NUOCHENG LEGAL CONSULTING SERVICE COMPANY,gamelawyer.com,Sektor Teknologi Informasi dan Komunikasi,null,Suzhou nuocheng Legal Consulting Service Company,2022-07-18,2022-07-18,004722.01/DJAI.PSE/07/2022,http://pse.kominfo.go.id/api/v1/jsonapi/tdpse-terbit/qr-code/6398,TERDAFTAR,6260,-,ASING,http://pse.kominfo.go.id/api/v1/jsonapi/tdpse-terbit/6398
tdpseTerbit,6397,null,KINGAME ACCOUNT SYSTEM,thebulletangel.com,Sektor Teknologi Informasi dan Komunikasi,null,KINGAME,2022-07-18,2022-07-18,004721.01/DJAI.PSE/07/2022,http://pse.kominfo.go.id/api/v1/jsonapi/tdpse-terbit/qr-code/6397,TERDAFTAR,6259,-,ASING,http://pse.kominfo.go.id/api/v1/jsonapi/tdpse-terbit/6397
tdpseTerbit,6394,null,YOHO,yoho.media,Sektor Teknologi Informasi dan Komunikasi,null,MOBILE ALPHA LIMITED,2022-07-18,2022-07-18,004720.01/DJAI.PSE/07/2022,http://pse.kominfo.go.id/api/v1/jsonapi/tdpse-terbit/qr-code/6394,TERDAFTAR,6257,-,ASING,http://pse.kominfo.go.id/api/v1/jsonapi/tdpse-terbit/6394
tdpseTerbit,6393,null,ALOHA,aloha.com,Sektor Teknologi Informasi dan Komunikasi,null,ALOHA,2022-07-18,2022-07-18,004719.01/DJAI.PSE/07/2022,http://pse.kominfo.go.id/api/v1/jsonapi/tdpse-terbit/qr-code/6393,TERDAFTAR,6256,-,ASING,http://pse.kominfo.go.id/api/v1/jsonapi/tdpse-terbit/6393
tdpseTerbit,6392,null,HTTPS://WWW.KFREEGAME.COM/,kfreegame.com,Sektor Teknologi Informasi dan Komunikasi,null,KINGMI CORPORATION LIMITED,2022-07-18,2022-07-18,004718.01/DJAI.PSE/07/2022,http://pse.kominfo.go.id/api/v1/jsonapi/tdpse-terbit/qr-code/6392,TERDAFTAR,6255,-,ASING,http://pse.kominfo.go.id/api/v1/jsonapi/tdpse-terbit/6392
tdpseTerbit,6391,null,MINI WORLD,play.google.com/store/apps/details?id=com.playmini.miniworld https://apps.apple.com/id/app/mini-world-creata/id1540197003 www.miniworldgame.com,Sektor Teknologi Informasi dan Komunikasi,null,MINOVATE HONG KONG LIMITED,2022-07-18,2022-07-18,004717.01/DJAI.PSE/07/2022,http://pse.kominfo.go.id/api/v1/jsonapi/tdpse-terbit/qr-code/6391,TERDAFTAR,6254,-,ASING,http://pse.kominfo.go.id/api/v1/jsonapi/tdpse-terbit/6391
tdpseTerbit,6390,null,DOORU LIBRARY,play.google.com/store/apps/details?id=com.enuma.easylibrary,Sektor Teknologi Informasi dan Komunikasi,null,ENUMA INC,2022-07-18,2022-07-18,004716.04/DJAI.PSE/07/2022,http://pse.kominfo.go.id/api/v1/jsonapi/tdpse-terbit/qr-code/6390,TERDAFTAR,6253,-,ASING,http://pse.kominfo.go.id/api/v1/jsonapi/tdpse-terbit/6390
tdpseTerbit,6389,null,TODO MATH,play.google.com/store/apps/details?id=com.enuma.todomath,Sektor Teknologi Informasi dan Komunikasi,null,ENUMA INC,2022-07-18,2022-07-18,004716.03/DJAI.PSE/07/2022,http://pse.kominfo.go.id/api/v1/jsonapi/tdpse-terbit/qr-code/6389,TERDAFTAR,6252,-,ASING,http://pse.kominfo.go.id/api/v1/jsonapi/tdpse-terbit/6389
tdpseTerbit,6388,null,TODO KOREAN,play.google.com/store/apps/details?id=com.enuma.todohangeul,Sektor Teknologi Informasi dan Komunikasi,null,ENUMA INC,2022-07-18,2022-07-18,004716.02/DJAI.PSE/07/2022,http://pse.kominfo.go.id/api/v1/jsonapi/tdpse-terbit/qr-code/6388,TERDAFTAR,6251,-,ASING,http://pse.kominfo.go.id/api/v1/jsonapi/tdpse-terbit/6388
tdpseTerbit,6387,null,SEKOLAH ENUMA: BAHASA INDONESIA,play.google.com/store/apps/details?id=com.enuma.enumaschool.indb2c,Sektor Teknologi Informasi dan Komunikasi,null,ENUMA INC,2022-07-18,2022-07-18,004716.01/DJAI.PSE/07/2022,http://pse.kominfo.go.id/api/v1/jsonapi/tdpse-terbit/qr-code/6387,TERDAFTAR,6250,-,ASING,http://pse.kominfo.go.id/api/v1/jsonapi/tdpse-terbit/6387
tdpseTerbit,6386,null,SUPER SUS,supersus.io,Sektor Teknologi Informasi dan Komunikasi,null,PI PRODUCTIONS PTE. LTD.,2022-07-18,2022-07-18,004715.01/DJAI.PSE/07/2022,http://pse.kominfo.go.id/api/v1/jsonapi/tdpse-terbit/qr-code/6386,TERDAFTAR,6249,-,ASING,http://pse.kominfo.go.id/api/v1/jsonapi/tdpse-terbit/6386
tdpseTerbit,6385,null,BE THE KING,king.ckhdea.com/,Sektor Teknologi Informasi dan Komunikasi,null,"HONG KONG CHUANG COOL INTERACTIVE ENTERTAINMENT CO., LIMITED",2022-07-18,2022-07-18,004714.01/DJAI.PSE/07/2022,http://pse.kominfo.go.id/api/v1/jsonapi/tdpse-terbit/qr-code/6385,TERDAFTAR,6248,-,ASING,http://pse.kominfo.go.id/api/v1/jsonapi/tdpse-terbit/6385
tdpseTerbit,6384,null,XD ENTERTAINMENT,xd-1.com,Sektor Teknologi Informasi dan Komunikasi,null,XD ENTERTAINMENT PTE. LTD.,2022-07-18,2022-07-18,004713.01/DJAI.PSE/07/2022,http://pse.kominfo.go.id/api/v1/jsonapi/tdpse-terbit/qr-code/6384,TERDAFTAR,6247,-,ASING,http://pse.kominfo.go.id/api/v1/jsonapi/tdpse-terbit/6384
tdpseTerbit,6383,null,TAPTAP2-EDIT,taptap.io,Sektor Perdagangan,null,TAPTAP PTE. LTD.,2022-07-18,2022-07-18,004712.02/DJAI.PSE/07/2022,http://pse.kominfo.go.id/api/v1/jsonapi/tdpse-terbit/qr-code/6383,TERDAFTAR,6246,-,ASING,http://pse.kominfo.go.id/api/v1/jsonapi/tdpse-terbit/6383
tdpseTerbit,6382,null,TAPTAP,taptap.io,Sektor Perdagangan,null,TAPTAP PTE. LTD.,2022-07-18,2022-07-18,004712.01/DJAI.PSE/07/2022,http://pse.kominfo.go.id/api/v1/jsonapi/tdpse-terbit/qr-code/6382,TERDAFTAR,6245,-,ASING,http://pse.kominfo.go.id/api/v1/jsonapi/tdpse-terbit/6382
tdpseTerbit,6381,null,EYOUGAME,eyougame.com,Sektor Perdagangan,null,Eyou Technology Pte. Ltd.,2022-07-18,2022-07-18,004711.01/DJAI.PSE/07/2022,http://pse.kominfo.go.id/api/v1/jsonapi/tdpse-terbit/qr-code/6381,TERDAFTAR,6244,-,ASING,http://pse.kominfo.go.id/api/v1/jsonapi/tdpse-terbit/6381
tdpseTerbit,6380,null,ZINGPLAY INTERNATIONAL PTE. LTD.,zingplay.com,Sektor Teknologi Informasi dan Komunikasi,null,ZINGPLAY INTERNATIONAL PTE. LTD.,2022-07-18,2022-07-18,004710.01/DJAI.PSE/07/2022,http://pse.kominfo.go.id/api/v1/jsonapi/tdpse-terbit/qr-code/6380,TERDAFTAR,6243,-,ASING,http://pse.kominfo.go.id/api/v1/jsonapi/tdpse-terbit/6380
tdpseTerbit,6377,null,ISHOW,ishowlive.com,Sektor Teknologi Informasi dan Komunikasi,null,APOTHEOSIS LIMITED,2022-07-18,2022-07-18,004709.01/DJAI.PSE/07/2022,http://pse.kominfo.go.id/api/v1/jsonapi/tdpse-terbit/qr-code/6377,TERDAFTAR,6242,-,ASING,http://pse.kominfo.go.id/api/v1/jsonapi/tdpse-terbit/6377
tdpseTerbit,6376,null,PROGATE,progate.com,Sektor Teknologi Informasi dan Komunikasi,null,PROGATE,2022-07-18,2022-07-18,004708.01/DJAI.PSE/07/2022,http://pse.kominfo.go.id/api/v1/jsonapi/tdpse-terbit/qr-code/6376,TERDAFTAR,6241,-,ASING,http://pse.kominfo.go.id/api/v1/jsonapi/tdpse-terbit/6376
tdpseTerbit,6374,null,MICROSOFT CLOUD SERVICES,microsoft.com,Sektor Teknologi Informasi dan Komunikasi,null,MICROSOFT IRELAND OPERATIONS LIMITED,2022-07-18,2022-07-18,004707.01/DJAI.PSE/07/2022,http://pse.kominfo.go.id/api/v1/jsonapi/tdpse-terbit/qr-code/6374,TERDAFTAR,6240,-,ASING,http://pse.kominfo.go.id/api/v1/jsonapi/tdpse-terbit/6374
tdpseTerbit,6123,null,"HALAMAN INFORMASI APLIKASI GAMES (GENSHIN IMPACT, HONKAI IMPACT 3RD, TEARS OF THEMIS, HONKAI: STAR RAIL, ZENLESS ZONE ZERO, N0VA DESKTOP, HOYOLAB)",hoyoverse.com,Sektor Teknologi Informasi dan Komunikasi,null,COGNOSPHERE PTE. LTD.,2022-07-18,2022-07-18,004559.01/DJAI.PSE/07/2022,http://pse.kominfo.go.id/api/v1/jsonapi/tdpse-terbit/qr-code/6123,TERDAFTAR,5995,-,ASING,http://pse.kominfo.go.id/api/v1/jsonapi/tdpse-terbit/6123
tdpseTerbit,6017,null,TELEGRAM MESSENGER,web.telegram.org,Sektor Teknologi Informasi dan Komunikasi,null,TELEGRAM MESSENGER INC,2022-07-17,2022-07-17,004473.01/DJAI.PSE/07/2022,http://pse.kominfo.go.id/api/v1/jsonapi/tdpse-terbit/qr-code/6017,TERDAFTAR,5881,-,ASING,http://pse.kominfo.go.id/api/v1/jsonapi/tdpse-terbit/6017
tdpseTerbit,5996,null,MOBILE LEGENDS: ADVENTURE,play.google.com/store/apps/details?id=com.moonton.mobilehero; apps.apple.com/us/app/mobile-legends-adventure/id1456213261; m.mladventure.net/#home,Sektor Teknologi Informasi dan Komunikasi,null,YOUNGJOY TECHNOLOGY LIMITED,2022-07-17,2022-07-17,004450.03/DJAI.PSE/07/2022,http://pse.kominfo.go.id/api/v1/jsonapi/tdpse-terbit/qr-code/5996,TERDAFTAR,5860,-,ASING,http://pse.kominfo.go.id/api/v1/jsonapi/tdpse-terbit/5996
tdpseTerbit,5995,null,MOBILE LEGENDS: BANG BANG,play.google.com/store/apps/details?id=com.mobile.legends; apps.apple.com/us/app/mobile-legends-bang-bang/id1160056295; play.mobilelegends.com/landing/?lan=en; www.mobilelegends.net/fp/featured?aid=6571&sdk_language=en,Sektor Teknologi Informasi dan Komunikasi,null,YOUNGJOY TECHNOLOGY LIMITED,2022-07-17,2022-07-17,004450.02/DJAI.PSE/07/2022,http://pse.kominfo.go.id/api/v1/jsonapi/tdpse-terbit/qr-code/5995,TERDAFTAR,5859,-,ASING,http://pse.kominfo.go.id/api/v1/jsonapi/tdpse-terbit/5995
tdpseTerbit,5994,null,WATCHER OF REALMS,play.google.com/store/apps/details?id=com.td.watcherofrealms; m.watcherofrealms.com/#/home,Sektor Teknologi Informasi dan Komunikasi,null,YOUNGJOY TECHNOLOGY LIMITED,2022-07-17,2022-07-17,004450.01/DJAI.PSE/07/2022,http://pse.kominfo.go.id/api/v1/jsonapi/tdpse-terbit/qr-code/5994,TERDAFTAR,5858,-,ASING,http://pse.kominfo.go.id/api/v1/jsonapi/tdpse-terbit/5994
tdpseTerbit,5281,null,YANG INI HYPNO TEST,yanginihypnotest.com,Sektor Kesehatan,null,HYPNOTHERAPY PTE LTD,2022-07-11,2022-07-11,002752.08/DJAI.PSE/07/2022,http://pse.kominfo.go.id/api/v1/jsonapi/tdpse-terbit/qr-code/5281,TERDAFTAR,5150,-,ASING,http://pse.kominfo.go.id/api/v1/jsonapi/tdpse-terbit/5281
tdpseTerbit,5280,null,MICHAT MOBILE APPLICATION SYSTEM,michat.sg,Sektor Teknologi Informasi dan Komunikasi,null,MICHAT PTE LIMITED,2022-07-11,2022-07-11,003957.01/DJAI.PSE/07/2022,http://pse.kominfo.go.id/api/v1/jsonapi/tdpse-terbit/qr-code/5280,TERDAFTAR,5149,-,ASING,http://pse.kominfo.go.id/api/v1/jsonapi/tdpse-terbit/5280
tdpseTerbit,4917,,IZZI,wefitec.com,Sektor Keuangan,null,WeFi International A.G.,2022-06-28,2022-06-28,003535.01/DJAI.PSE/06/2022,http://pse.kominfo.go.id/api/v1/jsonapi/tdpse-terbit/qr-code/4917,TERDAFTAR,4786,-,ASING,http://pse.kominfo.go.id/api/v1/jsonapi/tdpse-terbit/4917
tdpseTerbit,4890,,LEGO.COM,lego.com/en-id,Sektor Perdagangan,null,LEGO SYSTEM A/S,2022-06-28,2022-06-28,003526.01/DJAI.PSE/06/2022,http://pse.kominfo.go.id/api/v1/jsonapi/tdpse-terbit/qr-code/4890,TERDAFTAR,4759,-,ASING,http://pse.kominfo.go.id/api/v1/jsonapi/tdpse-terbit/4890
tdpseTerbit,4889,,GLANCE,glance.com,Sektor Teknologi Informasi dan Komunikasi,null,GLANCE INMOBI PTE. LTD.,2022-06-28,2022-06-28,003525.01/DJAI.PSE/06/2022,http://pse.kominfo.go.id/api/v1/jsonapi/tdpse-terbit/qr-code/4889,TERDAFTAR,4758,-,ASING,http://pse.kominfo.go.id/api/v1/jsonapi/tdpse-terbit/4889
tdpseTerbit,4888,,TRADE FINANCE LINK,transpeninsular.wordpress.com,Sektor Keuangan,null,WIJAYA KUSUMA RAJAWALI,2022-06-28,2022-06-28,002748.02/DJAI.PSE/06/2022,http://pse.kominfo.go.id/api/v1/jsonapi/tdpse-terbit/qr-code/4888,TERDAFTAR,4757,-,ASING,http://pse.kominfo.go.id/api/v1/jsonapi/tdpse-terbit/4888
tdpseTerbit,4887,,BRAWIJAYA CAPITAL INVESTAMA (TRADE FINANCE LINK),transpeninsular.wordpress.com,Sektor Keuangan,null,BRAWIJAYA CAPITAL INVESTAMA,2022-06-28,2022-06-28,002754.02/DJAI.PSE/06/2022,http://pse.kominfo.go.id/api/v1/jsonapi/tdpse-terbit/qr-code/4887,TERDAFTAR,4756,-,ASING,http://pse.kominfo.go.id/api/v1/jsonapi/tdpse-terbit/4887
tdpseTerbit,4886,,DAZN,dazn.com,Sektor Perdagangan,null,DAZN LIMITED,2022-06-28,2022-06-28,003524.01/DJAI.PSE/06/2022,http://pse.kominfo.go.id/api/v1/jsonapi/tdpse-terbit/qr-code/4886,TERDAFTAR,4755,-,ASING,http://pse.kominfo.go.id/api/v1/jsonapi/tdpse-terbit/4886
tdpseTerbit,4720,,YANDEX PRACTICUM PLATFORM,practicum.com/id-idn/,Sektor Teknologi Informasi dan Komunikasi,null,INTERTECH SERVICES AG,2022-06-24,2022-06-24,003410.01/DJAI.PSE/06/2022,http://pse.kominfo.go.id/api/v1/jsonapi/tdpse-terbit/qr-code/4720,TERDAFTAR,4674,-,ASING,http://pse.kominfo.go.id/api/v1/jsonapi/tdpse-terbit/4720
tdpseTerbit,4680,,MARIAKALAIJ OWEN CAPITAL FINANCIAL LINK,owenpetrobitumen.blogspot.com,Sektor Keuangan,null,OWEN PETRO BITUMEN,2022-06-23,2022-06-23,003370.01/DJAI.PSE/06/2022,http://pse.kominfo.go.id/api/v1/jsonapi/tdpse-terbit/qr-code/4680,TERDAFTAR,4639,-,ASING,http://pse.kominfo.go.id/api/v1/jsonapi/tdpse-terbit/4680
tdpseTerbit,4679,,SMIC FINANCIAL LINK,transpeninsular.wordpress.com,Sektor Keuangan,null,"SHANTOU MARIA INVESTMENT CO., LTD.",2022-06-23,2022-06-23,003369.01/DJAI.PSE/06/2022,http://pse.kominfo.go.id/api/v1/jsonapi/tdpse-terbit/qr-code/4679,TERDAFTAR,4638,-,ASING,http://pse.kominfo.go.id/api/v1/jsonapi/tdpse-terbit/4679
tdpseTerbit,4678,,SMIC FINANCIAL TRADE LINK,transpeninsular.wordpress.com,Sektor Perdagangan,null,"SHANTOU JINJIA TRADING CO., LTD.",2022-06-23,2022-06-23,003368.01/DJAI.PSE/06/2022,http://pse.kominfo.go.id/api/v1/jsonapi/tdpse-terbit/qr-code/4678,TERDAFTAR,4637,-,ASING,http://pse.kominfo.go.id/api/v1/jsonapi/tdpse-terbit/4678
tdpseTerbit,4677,,NABITU,nabitu.id,Sektor Keuangan,null,NABITU TEKNOLOGI ISLAMI,2022-06-23,2022-06-23,003367.01/DJAI.PSE/06/2022,http://pse.kominfo.go.id/api/v1/jsonapi/tdpse-terbit/qr-code/4677,TERDAFTAR,4636,-,ASING,http://pse.kominfo.go.id/api/v1/jsonapi/tdpse-terbit/4677
tdpseTerbit,4676,,"RIMBA COLLECTIVE MRV (MONITOR, REPORTING & VERIFICATION) PLATFORM",rimbacollective.com,Sektor Teknologi Informasi dan Komunikasi,null,RIMBA COLLECTIVE PTE LTD,2022-06-23,2022-06-23,003366.01/DJAI.PSE/06/2022,http://pse.kominfo.go.id/api/v1/jsonapi/tdpse-terbit/qr-code/4676,TERDAFTAR,4635,-,ASING,http://pse.kominfo.go.id/api/v1/jsonapi/tdpse-terbit/4676
tdpseTerbit,4675,,DECORIS,decoris.io,Sektor Perdagangan,null,INVOKE SOLUTIONS SDN BHD,2022-06-23,2022-06-23,003365.01/DJAI.PSE/06/2022,http://pse.kominfo.go.id/api/v1/jsonapi/tdpse-terbit/qr-code/4675,TERDAFTAR,4634,-,ASING,http://pse.kominfo.go.id/api/v1/jsonapi/tdpse-terbit/4675
tdpseTerbit,5485,,ULIKE,play.google.com/store/apps/details?id=com.gorgeous.liteinternational; apps.apple.com/tw/app/ulike-define-trendy-selfie/id1398796436,Sektor Teknologi Informasi dan Komunikasi,null,BYTEDANCE PTE. LTD.,2022-05-25,2022-05-25,002839.01/DJAI.PSE/05/2022,http://pse.kominfo.go.id/api/v1/jsonapi/tdpse-terbit/qr-code/5485,TERDAFTAR,4139,-,ASING,http://pse.kominfo.go.id/api/v1/jsonapi/tdpse-terbit/5485
tdpseTerbit,4142,,RESSO,resso.app/in/; play.google.com/store/apps/details?id=com.moonvideo.android.resso&hl=en_SG&gl=US; apps.apple.com/in/app/resso-music-songs-lyrics/id1457922673,Sektor Teknologi Informasi dan Komunikasi,null,MOON VIDEO INC.,2022-05-25,2022-05-25,000371.01/DJAI.PSE/05/2022,http://pse.kominfo.go.id/api/v1/jsonapi/tdpse-terbit/qr-code/4142,TERDAFTAR,4144,-,ASING,http://pse.kominfo.go.id/api/v1/jsonapi/tdpse-terbit/4142
tdpseTerbit,4141,,CAPCUT,capcut.net; play.google.com/store/apps/details?id=com.lemon.lvoverseas&hl=en_US&gl=US; apps.apple.com/us/app/capcut-video-editor/id1500855883,Sektor Teknologi Informasi dan Komunikasi,null,BYTEDANCE PTE. LTD.,2022-05-25,2022-05-25,000370.05/DJAI.PSE/05/2022,http://pse.kominfo.go.id/api/v1/jsonapi/tdpse-terbit/qr-code/4141,TERDAFTAR,4143,-,ASING,http://pse.kominfo.go.id/api/v1/jsonapi/tdpse-terbit/4141
tdpseTerbit,4140,,PANGLE,pangleglobal.com/,Sektor Teknologi Informasi dan Komunikasi,null,BYTEDANCE PTE. LTD.,2022-05-25,2022-05-25,000370.04/DJAI.PSE/05/2022,http://pse.kominfo.go.id/api/v1/jsonapi/tdpse-terbit/qr-code/4140,TERDAFTAR,4142,-,ASING,http://pse.kominfo.go.id/api/v1/jsonapi/tdpse-terbit/4140
tdpseTerbit,4139,,FACEU,play.google.com/store/apps/details?id=com.lemon.faceu.oversea&hl=en_US&gl=US,Sektor Teknologi Informasi dan Komunikasi,null,BYTEDANCE PTE. LTD.,2022-05-25,2022-05-25,000370.03/DJAI.PSE/05/2022,http://pse.kominfo.go.id/api/v1/jsonapi/tdpse-terbit/qr-code/4139,TERDAFTAR,4141,-,ASING,http://pse.kominfo.go.id/api/v1/jsonapi/tdpse-terbit/4139
tdpseTerbit,4138,,LEMON8,lemon8-app.com/feed/foryou?region=id; play.google.com/store/apps/details?id=com.bd.nproject&hl=en_SG&gl=US; https://apps.apple.com/th/app/lemon8-%E3%83%AC%E3%83%A2%E3%83%B3%E3%82%A8%E3%82%A4%E3%83%88/id1498607143,Sektor Teknologi Informasi dan Komunikasi,null,BYTEDANCE PTE. LTD.,2022-05-25,2022-05-25,000370.02/DJAI.PSE/05/2022,http://pse.kominfo.go.id/api/v1/jsonapi/tdpse-terbit/qr-code/4138,TERDAFTAR,4140,-,ASING,http://pse.kominfo.go.id/api/v1/jsonapi/tdpse-terbit/4138
tdpseTerbit,4136,,GAUTHMATH,gauthmath.com/en; apps.apple.com/bb/app/gauthmath-students-must-have/id1542571008; play.google.com/store/apps/details?id=com.education.android.h.intelligence&hl=en_SG&gl=US,Sektor Teknologi Informasi dan Komunikasi,null,GAUTHTECH PTE. LTD.,2022-05-25,2022-05-25,000369.01/DJAI.PSE/05/2022,http://pse.kominfo.go.id/api/v1/jsonapi/tdpse-terbit/qr-code/4136,TERDAFTAR,4138,-,ASING,http://pse.kominfo.go.id/api/v1/jsonapi/tdpse-terbit/4136
tdpseTerbit,4135,,LARK,larksuite.com; https://play.google.com/store/apps/details?id=com.larksuite.suite,Sektor Teknologi Informasi dan Komunikasi,null,LARK TECHNOLOGIES PTE. LTD.,2022-05-25,2022-05-25,000368.01/DJAI.PSE/05/2022,http://pse.kominfo.go.id/api/v1/jsonapi/tdpse-terbit/qr-code/4135,TERDAFTAR,4137,-,ASING,http://pse.kominfo.go.id/api/v1/jsonapi/tdpse-terbit/4135
tdpseTerbit,4134,,BYTEPLUS,byteplus.com,Sektor Teknologi Informasi dan Komunikasi,null,BYTEPLUS PTE. LTD.,2022-05-25,2022-05-25,000367.01/DJAI.PSE/05/2022,http://pse.kominfo.go.id/api/v1/jsonapi/tdpse-terbit/qr-code/4134,TERDAFTAR,4136,-,ASING,http://pse.kominfo.go.id/api/v1/jsonapi/tdpse-terbit/4134
tdpseTerbit,4133,,RAGNAROK X: NEXT GENERATION,ragnarokx.com/main; play.google.com/store/apps/details?id=com.play.rosea; apps.apple.com/SG/app/id1545808948?mt=8,Sektor Teknologi Informasi dan Komunikasi,null,NUVERSE (HONG KONG) LIMITED,2022-05-25,2022-05-25,000366.02/DJAI.PSE/05/2022,http://pse.kominfo.go.id/api/v1/jsonapi/tdpse-terbit/qr-code/4133,TERDAFTAR,4135,-,ASING,http://pse.kominfo.go.id/api/v1/jsonapi/tdpse-terbit/4133
tdpseTerbit,4132,,"WARHAMMER 40,000 LOST CRUSADE",lostcrusade.com; apps.apple.com/app/id1532636309; play.google.com/store/apps/details?id=com.orcacorp.wargame,Sektor Teknologi Informasi dan Komunikasi,null,NUVERSE (HONG KONG) LIMITED,2022-05-25,2022-05-25,000366.01/DJAI.PSE/05/2022,http://pse.kominfo.go.id/api/v1/jsonapi/tdpse-terbit/qr-code/4132,TERDAFTAR,4134,-,ASING,http://pse.kominfo.go.id/api/v1/jsonapi/tdpse-terbit/4132
tdpseTerbit,4131,,THE HEROIC LEGEND OF EAGARLNIA,pixmain.com/the-heroic-legend-of-eagarlnia; apps.apple.com/us/app/the-heroic-legend-of-eagarlnia/id1580509302; play.google.com/store/apps/details?id=com.redhand.eagarlnia,Sektor Teknologi Informasi dan Komunikasi,null,PIXMAIN PTE. LTD.,2022-05-25,2022-05-25,000365.04/DJAI.PSE/05/2022,http://pse.kominfo.go.id/api/v1/jsonapi/tdpse-terbit/qr-code/4131,TERDAFTAR,4133,-,ASING,http://pse.kominfo.go.id/api/v1/jsonapi/tdpse-terbit/4131
tdpseTerbit,4130,,MY TIME AT PORTIA,pixmain.com/my-time-at-portia; apps.apple.com/us/app/my-time-at-portia/id1555184523; play.google.com/store/apps/details?id=com.pathea.mtap,Sektor Teknologi Informasi dan Komunikasi,null,PIXMAIN PTE. LTD.,2022-05-25,2022-05-25,000365.03/DJAI.PSE/05/2022,http://pse.kominfo.go.id/api/v1/jsonapi/tdpse-terbit/qr-code/4130,TERDAFTAR,4132,-,ASING,http://pse.kominfo.go.id/api/v1/jsonapi/tdpse-terbit/4130
tdpseTerbit,4129,,HUNDRED DAYS,pixmain.com/hundred-days; apps.apple.com/us/app/hundred-days/id1581549121; play.google.com/store/apps/details?id=com.brokenarmsgames.hundred,Sektor Teknologi Informasi dan Komunikasi,null,PIXMAIN PTE. LTD.,2022-05-25,2022-05-25,000365.02/DJAI.PSE/05/2022,http://pse.kominfo.go.id/api/v1/jsonapi/tdpse-terbit/qr-code/4129,TERDAFTAR,4131,-,ASING,http://pse.kominfo.go.id/api/v1/jsonapi/tdpse-terbit/4129
tdpseTerbit,4128,,INKED,pixmain.com/inked; apps.apple.com/us/app/inked/id1537777979; play.google.com/store/apps/details?id=com.somniumgames.inked,Sektor Teknologi Informasi dan Komunikasi,null,PIXMAIN PTE. LTD.,2022-05-25,2022-05-25,000365.01/DJAI.PSE/05/2022,http://pse.kominfo.go.id/api/v1/jsonapi/tdpse-terbit/qr-code/4128,TERDAFTAR,4130,-,ASING,http://pse.kominfo.go.id/api/v1/jsonapi/tdpse-terbit/4128
tdpseTerbit,4117,,FIZZOTOON,fizzotoon.com/,Sektor Teknologi Informasi dan Komunikasi,null,POLIGON PTE. LTD.,2022-05-24,2022-05-24,000335.04/DJAI.PSE/05/2022,http://pse.kominfo.go.id/api/v1/jsonapi/tdpse-terbit/qr-code/4117,TERDAFTAR,4117,-,ASING,http://pse.kominfo.go.id/api/v1/jsonapi/tdpse-terbit/4117
tdpseTerbit,4116,,GUA GUA LONG,rexandfriends.com,Sektor Teknologi Informasi dan Komunikasi,null,POLIGON PTE. LTD.,2022-05-24,2022-05-24,000335.03/DJAI.PSE/05/2022,http://pse.kominfo.go.id/api/v1/jsonapi/tdpse-terbit/qr-code/4116,TERDAFTAR,4116,-,ASING,http://pse.kominfo.go.id/api/v1/jsonapi/tdpse-terbit/4116
tdpseTerbit,4115,,HELO,helo.com/; apps.apple.com/us/app/helo-share-your-life/id1437494436; play.google.com/store/apps/details?id=world.social.group.video.share&hl=en_SG&gl=US,Sektor Teknologi Informasi dan Komunikasi,null,POLIGON PTE. LTD.,2022-05-24,2022-05-24,000335.02/DJAI.PSE/05/2022,http://pse.kominfo.go.id/api/v1/jsonapi/tdpse-terbit/qr-code/4115,TERDAFTAR,4115,-,ASING,http://pse.kominfo.go.id/api/v1/jsonapi/tdpse-terbit/4115
tdpseTerbit,4114,,FIZZO,fizzo.org,Sektor Teknologi Informasi dan Komunikasi,null,POLIGON PTE. LTD.,2022-05-24,2022-05-24,000335.01/DJAI.PSE/05/2022,http://pse.kominfo.go.id/api/v1/jsonapi/tdpse-terbit/qr-code/4114,TERDAFTAR,4114,-,ASING,http://pse.kominfo.go.id/api/v1/jsonapi/tdpse-terbit/4114
tdpseTerbit,4113,,DAILYMOTION S.A.,dailymotion.com,Sektor Teknologi Informasi dan Komunikasi,null,DAILYMOTION S.A.,2022-05-24,2022-05-24,000334.01/DJAI.PSE/05/2022,http://pse.kominfo.go.id/api/v1/jsonapi/tdpse-terbit/qr-code/4113,TERDAFTAR,4113,-,ASING,http://pse.kominfo.go.id/api/v1/jsonapi/tdpse-terbit/4113
tdpseTerbit,4112,,SOUNDON,soundon.global,Sektor Teknologi Informasi dan Komunikasi,null,TIKTOK PTE. LTD.,2022-05-24,2022-05-24,000333.04/DJAI.PSE/05/2022,http://pse.kominfo.go.id/api/v1/jsonapi/tdpse-terbit/qr-code/4112,TERDAFTAR,4112,-,ASING,http://pse.kominfo.go.id/api/v1/jsonapi/tdpse-terbit/4112
tdpseTerbit,4111,,TT4B (TIKTOK FOR BUSINESS),tiktok.com/business/en,Sektor Teknologi Informasi dan Komunikasi,null,TIKTOK PTE. LTD.,2022-05-24,2022-05-24,000333.03/DJAI.PSE/05/2022,http://pse.kominfo.go.id/api/v1/jsonapi/tdpse-terbit/qr-code/4111,TERDAFTAR,4111,-,ASING,http://pse.kominfo.go.id/api/v1/jsonapi/tdpse-terbit/4111
tdpseTerbit,4110,,TIKTOK,tiktok.com,Sektor Teknologi Informasi dan Komunikasi,null,TIKTOK PTE. LTD.,2022-05-24,2022-05-24,000333.02/DJAI.PSE/05/2022,http://pse.kominfo.go.id/api/v1/jsonapi/tdpse-terbit/qr-code/4110,TERDAFTAR,4110,-,ASING,http://pse.kominfo.go.id/api/v1/jsonapi/tdpse-terbit/4110
tdpseTerbit,4109,,TIKTOK SHOP,shop.tiktok.com/merchant/id; seller.tiktokglobalshop.com/business/id; seller-id.tiktok.com; seller.tiktok.com/; developers.tiktok-shops.com/; pearl.bytedance.net/data/basic/shop?oec_region=ID,Sektor Perdagangan,null,TIKTOK PTE. LTD.,2022-05-24,2022-05-24,000333.01/DJAI.PSE/05/2022,http://pse.kominfo.go.id/api/v1/jsonapi/tdpse-terbit/qr-code/4109,TERDAFTAR,4109,-,ASING,http://pse.kominfo.go.id/api/v1/jsonapi/tdpse-terbit/4109
tdpseTerbit,4101,,WEWATCH,wewatch.asia,Sektor Teknologi Informasi dan Komunikasi,null,WEWATCH PTE. LTD.,2022-05-23,2022-05-23,000299.01/DJAI.PSE/05/2022,http://pse.kominfo.go.id/api/v1/jsonapi/tdpse-terbit/qr-code/4101,TERDAFTAR,4100,-,ASING,http://pse.kominfo.go.id/api/v1/jsonapi/tdpse-terbit/4101
tdpseTerbit,4100,,WWW.SHOPLAY365.COM,13.228.204.118,Sektor Teknologi Informasi dan Komunikasi,null,CYBERSHELL TECHNOLOGY LIMITED,2022-05-23,2022-05-23,000298.02/DJAI.PSE/05/2022,http://pse.kominfo.go.id/api/v1/jsonapi/tdpse-terbit/qr-code/4100,TERDAFTAR,4099,-,ASING,http://pse.kominfo.go.id/api/v1/jsonapi/tdpse-terbit/4100
tdpseTerbit,4099,,WWW.JOLLYMAX.COM,13.228.204.118,Sektor Teknologi Informasi dan Komunikasi,null,CYBERSHELL TECHNOLOGY LIMITED,2022-05-23,2022-05-23,000298.01/DJAI.PSE/05/2022,http://pse.kominfo.go.id/api/v1/jsonapi/tdpse-terbit/qr-code/4099,TERDAFTAR,4098,-,ASING,http://pse.kominfo.go.id/api/v1/jsonapi/tdpse-terbit/4099
tdpseTerbit,4098,,PLAYIT,114.119.185.13,Sektor Teknologi Informasi dan Komunikasi,null,SMART MEDIA4U TECHNOLOGY PTE. LTD.,2022-05-23,2022-05-23,000297.07/DJAI.PSE/05/2022,http://pse.kominfo.go.id/api/v1/jsonapi/tdpse-terbit/qr-code/4098,TERDAFTAR,4097,-,ASING,http://pse.kominfo.go.id/api/v1/jsonapi/tdpse-terbit/4098
tdpseTerbit,4097,,CLONEIT,114.119.185.13,Sektor Teknologi Informasi dan Komunikasi,null,SMART MEDIA4U TECHNOLOGY PTE. LTD.,2022-05-23,2022-05-23,000297.06/DJAI.PSE/05/2022,http://pse.kominfo.go.id/api/v1/jsonapi/tdpse-terbit/qr-code/4097,TERDAFTAR,4096,-,ASING,http://pse.kominfo.go.id/api/v1/jsonapi/tdpse-terbit/4097
tdpseTerbit,4096,,LISTENIT,114.119.185.13,Sektor Teknologi Informasi dan Komunikasi,null,SMART MEDIA4U TECHNOLOGY PTE. LTD.,2022-05-23,2022-05-23,000297.05/DJAI.PSE/05/2022,http://pse.kominfo.go.id/api/v1/jsonapi/tdpse-terbit/qr-code/4096,TERDAFTAR,4095,-,ASING,http://pse.kominfo.go.id/api/v1/jsonapi/tdpse-terbit/4096
tdpseTerbit,4095,,CLOCKIT,114.119.185.13,Sektor Teknologi Informasi dan Komunikasi,null,SMART MEDIA4U TECHNOLOGY PTE. LTD.,2022-05-23,2022-05-23,000297.04/DJAI.PSE/05/2022,http://pse.kominfo.go.id/api/v1/jsonapi/tdpse-terbit/qr-code/4095,TERDAFTAR,4094,-,ASING,http://pse.kominfo.go.id/api/v1/jsonapi/tdpse-terbit/4095
tdpseTerbit,4094,,CLEANIT,114.119.185.13,Sektor Teknologi Informasi dan Komunikasi,null,SMART MEDIA4U TECHNOLOGY PTE. LTD.,2022-05-23,2022-05-23,000297.03/DJAI.PSE/05/2022,http://pse.kominfo.go.id/api/v1/jsonapi/tdpse-terbit/qr-code/4094,TERDAFTAR,4093,-,ASING,http://pse.kominfo.go.id/api/v1/jsonapi/tdpse-terbit/4094
tdpseTerbit,4093,,SHAREIT,114.119.168.60,Sektor Teknologi Informasi dan Komunikasi,null,SMART MEDIA4U TECHNOLOGY PTE. LTD.,2022-05-23,2022-05-23,000297.02/DJAI.PSE/05/2022,http://pse.kominfo.go.id/api/v1/jsonapi/tdpse-terbit/qr-code/4093,TERDAFTAR,4092,-,ASING,http://pse.kominfo.go.id/api/v1/jsonapi/tdpse-terbit/4093
tdpseTerbit,4092,,SHAREIT LITE,114.119.168.60,Sektor Teknologi Informasi dan Komunikasi,null,SMART MEDIA4U TECHNOLOGY PTE. LTD.,2022-05-23,2022-05-23,000297.01/DJAI.PSE/05/2022,http://pse.kominfo.go.id/api/v1/jsonapi/tdpse-terbit/qr-code/4092,TERDAFTAR,4091,-,ASING,http://pse.kominfo.go.id/api/v1/jsonapi/tdpse-terbit/4092
tdpseTerbit,4091,,PULSE,wedopulse.com/id/,Sektor Perdagangan,null,PULSE ECOSYSTEMS PTE. LTD.,2022-05-23,2022-05-23,000296.01/DJAI.PSE/05/2022,http://pse.kominfo.go.id/api/v1/jsonapi/tdpse-terbit/qr-code/4091,TERDAFTAR,4090,-,ASING,http://pse.kominfo.go.id/api/v1/jsonapi/tdpse-terbit/4091
tdpseTerbit,4090,,REACH52 ACCESS,reach52.com,Sektor Kesehatan,null,REACH52 PTE LTD,2022-05-23,2022-05-23,000295.01/DJAI.PSE/05/2022,http://pse.kominfo.go.id/api/v1/jsonapi/tdpse-terbit/qr-code/4090,TERDAFTAR,4089,-,ASING,http://pse.kominfo.go.id/api/v1/jsonapi/tdpse-terbit/4090
tdpseTerbit,4089,,MCB,mycashback.co,Sektor Perdagangan,null,MANKIND MEDIA PTE LTD,2022-05-23,2022-05-23,000294.01/DJAI.PSE/05/2022,http://pse.kominfo.go.id/api/v1/jsonapi/tdpse-terbit/qr-code/4089,TERDAFTAR,4088,-,ASING,http://pse.kominfo.go.id/api/v1/jsonapi/tdpse-terbit/4089
tdpseTerbit,4088,,LINKTREE,linktr.ee,Sektor Teknologi Informasi dan Komunikasi,null,LINKTREE PTY LTD,2022-05-23,2022-05-23,000293.01/DJAI.PSE/05/2022,http://pse.kominfo.go.id/api/v1/jsonapi/tdpse-terbit/qr-code/4088,TERDAFTAR,4087,-,ASING,http://pse.kominfo.go.id/api/v1/jsonapi/tdpse-terbit/4088
tdpseTerbit,4087,,SMARTER HEALTH PLATFORM,smarterhealth.sg/,Sektor Teknologi Informasi dan Komunikasi,null,SMARTER HEALTH PTE LTD,2022-05-23,2022-05-23,000292.01/DJAI.PSE/05/2022,http://pse.kominfo.go.id/api/v1/jsonapi/tdpse-terbit/qr-code/4087,TERDAFTAR,4086,-,ASING,http://pse.kominfo.go.id/api/v1/jsonapi/tdpse-terbit/4087
tdpseTerbit,4086,,CHANGE.ORG,change.org,Sektor Teknologi Informasi dan Komunikasi,null,"CHANGE.ORG, PBC",2022-05-23,2022-05-23,000291.01/DJAI.PSE/05/2022,http://pse.kominfo.go.id/api/v1/jsonapi/tdpse-terbit/qr-code/4086,TERDAFTAR,4085,-,ASING,http://pse.kominfo.go.id/api/v1/jsonapi/tdpse-terbit/4086
tdpseTerbit,4085,,TREBEL,trebel.io,Sektor Perdagangan,null,"M&M MEDIA, INC",2022-05-23,2022-05-23,000290.01/DJAI.PSE/05/2022,http://pse.kominfo.go.id/api/v1/jsonapi/tdpse-terbit/qr-code/4085,TERDAFTAR,4084,-,ASING,http://pse.kominfo.go.id/api/v1/jsonapi/tdpse-terbit/4085
tdpseTerbit,4084,,SPOTIFY,spotify.com,Sektor Teknologi Informasi dan Komunikasi,null,SPOTIFY AB,2022-05-23,2022-05-23,000289.01/DJAI.PSE/05/2022,http://pse.kominfo.go.id/api/v1/jsonapi/tdpse-terbit/qr-code/4084,TERDAFTAR,4083,-,ASING,http://pse.kominfo.go.id/api/v1/jsonapi/tdpse-terbit/4084
tdpseTerbit,4083,,SIDEN,siden.io,Sektor Teknologi Informasi dan Komunikasi,null,SIDEN INC,2022-05-23,2022-05-23,000288.01/DJAI.PSE/05/2022,http://pse.kominfo.go.id/api/v1/jsonapi/tdpse-terbit/qr-code/4083,TERDAFTAR,4082,-,ASING,http://pse.kominfo.go.id/api/v1/jsonapi/tdpse-terbit/4083
tdpseTerbit,4082,,BIOMARK LABORATORY PLATFORM,13.227.254.60,Sektor Kesehatan,null,BIOMARK PTE LTD,2022-05-23,2022-05-23,000287.02/DJAI.PSE/05/2022,http://pse.kominfo.go.id/api/v1/jsonapi/tdpse-terbit/qr-code/4082,TERDAFTAR,4081,-,ASING,http://pse.kominfo.go.id/api/v1/jsonapi/tdpse-terbit/4082
tdpseTerbit,4081,,BIOMARK MOBILE APPLICATION,13.227.254.72,Sektor Kesehatan,null,BIOMARK PTE LTD,2022-05-23,2022-05-23,000287.01/DJAI.PSE/05/2022,http://pse.kominfo.go.id/api/v1/jsonapi/tdpse-terbit/qr-code/4081,TERDAFTAR,4080,-,ASING,http://pse.kominfo.go.id/api/v1/jsonapi/tdpse-terbit/4081
tdpseTerbit,4079,,HAK LABUH SATELIT,abcd.com,Sektor Keuangan,null,BRAWIJAYA CAPITAL INVESTAMA,2022-05-23,2022-05-23,000285.01/DJAI.PSE/05/2022,http://pse.kominfo.go.id/api/v1/jsonapi/tdpse-terbit/qr-code/4079,TERDAFTAR,4078,-,ASING,http://pse.kominfo.go.id/api/v1/jsonapi/tdpse-terbit/4079
tdpseTerbit,4078,,INTERNATIONAL CLEARING AND SETTLEMENT,no-websiteyet.com,Sektor Keuangan,null,BUT. MARIA TIURMA (THE BANK OF NEW YORK),2022-05-23,2022-05-23,000275.02/DJAI.PSE/05/2022,http://pse.kominfo.go.id/api/v1/jsonapi/tdpse-terbit/qr-code/4078,TERDAFTAR,4077,-,ASING,http://pse.kominfo.go.id/api/v1/jsonapi/tdpse-terbit/4078
tdpseTerbit,4077,,MARIA KALAIJ BLOCKCHAIN TECHNOLOGY SYSTEM,bankmandirish.com,Sektor Keuangan,null,KENCANA PUTRA KENDARI,2022-05-23,2022-05-23,000284.01/DJAI.PSE/05/2022,http://pse.kominfo.go.id/api/v1/jsonapi/tdpse-terbit/qr-code/4077,TERDAFTAR,4076,-,ASING,http://pse.kominfo.go.id/api/v1/jsonapi/tdpse-terbit/4077
tdpseTerbit,4076,,INI APA YA,110.110.110.135,Sektor Kesehatan,null,HYPNOTHERAPY PTE LTD,2022-05-23,2022-05-23,000283.07/DJAI.PSE/05/2022,http://pse.kominfo.go.id/api/v1/jsonapi/tdpse-terbit/qr-code/4076,TERDAFTAR,4075,-,ASING,http://pse.kominfo.go.id/api/v1/jsonapi/tdpse-terbit/4076
tdpseTerbit,4075,,THE HYPNOSS THERAP PLATFORM,110.110.150.136,Sektor Kesehatan,null,HYPNOTHERAPY PTE LTD,2022-05-23,2022-05-23,000283.06/DJAI.PSE/05/2022,http://pse.kominfo.go.id/api/v1/jsonapi/tdpse-terbit/qr-code/4075,TERDAFTAR,4074,-,ASING,http://pse.kominfo.go.id/api/v1/jsonapi/tdpse-terbit/4075
tdpseTerbit,4074,,HYPNO BUKAN TEST,hypnobukantest.com,Sektor Kesehatan,null,HYPNOTHERAPY PTE LTD,2022-05-23,2022-05-23,000283.05/DJAI.PSE/05/2022,http://pse.kominfo.go.id/api/v1/jsonapi/tdpse-terbit/qr-code/4074,TERDAFTAR,4073,-,ASING,http://pse.kominfo.go.id/api/v1/jsonapi/tdpse-terbit/4074
tdpseTerbit,4073,,APA HAYO,110.110.101.150,Sektor Kesehatan,null,HYPNOTHERAPY PTE LTD,2022-05-23,2022-05-23,000283.04/DJAI.PSE/05/2022,http://pse.kominfo.go.id/api/v1/jsonapi/tdpse-terbit/qr-code/4073,TERDAFTAR,4072,-,ASING,http://pse.kominfo.go.id/api/v1/jsonapi/tdpse-terbit/4073
tdpseTerbit,4072,,HYPNO TEST,Hypnotest.com,Sektor Kesehatan,null,HYPNOTHERAPY PTE LTD,2022-05-23,2022-05-23,000283.03/DJAI.PSE/05/2022,http://pse.kominfo.go.id/api/v1/jsonapi/tdpse-terbit/qr-code/4072,TERDAFTAR,4071,-,ASING,http://pse.kominfo.go.id/api/v1/jsonapi/tdpse-terbit/4072
tdpseTerbit,4070,,TARA,110.152.21.36,Sektor Kesehatan,null,HYPNOTHERAPY PTE LTD,2022-05-23,2022-05-23,000283.01/DJAI.PSE/05/2022,http://pse.kominfo.go.id/api/v1/jsonapi/tdpse-terbit/qr-code/4070,TERDAFTAR,4069,-,ASING,http://pse.kominfo.go.id/api/v1/jsonapi/tdpse-terbit/4070
tdpseTerbit,4069,,TARARA,tarara.com,Sektor Kesehatan,null,HYPNOTHERAPY PTE LTD,2022-05-23,2022-05-23,000282.01/DJAI.PSE/05/2022,http://pse.kominfo.go.id/api/v1/jsonapi/tdpse-terbit/qr-code/4069,TERDAFTAR,4068,-,ASING,http://pse.kominfo.go.id/api/v1/jsonapi/tdpse-terbit/4069
tdpseTerbit,4068,,MARIA KALAIJ BLOCKCHAIN TECHNOLOGY SYSTEM,belumada.com,Sektor Keuangan,null,MARIA TIURMA,2022-05-23,2022-05-23,000280.01/DJAI.PSE/05/2022,http://pse.kominfo.go.id/api/v1/jsonapi/tdpse-terbit/qr-code/4068,TERDAFTAR,4067,-,ASING,http://pse.kominfo.go.id/api/v1/jsonapi/tdpse-terbit/4068
tdpseTerbit,4067,,SPACE & AVIATION TECHNLOGY SYSTEM,belumada.com,Sektor Teknologi Informasi dan Komunikasi,null,WIJAYA KUSUMA RAJAWALI,2022-05-23,2022-05-23,000279.01/DJAI.PSE/05/2022,http://pse.kominfo.go.id/api/v1/jsonapi/tdpse-terbit/qr-code/4067,TERDAFTAR,4066,-,ASING,http://pse.kominfo.go.id/api/v1/jsonapi/tdpse-terbit/4067
tdpseTerbit,4066,,BIOMARK MOBILE APPLICATION,13.227.254.72,Sektor Kesehatan,null,BIOMARK PTE LTD,2022-05-23,2022-05-23,000278.03/DJAI.PSE/05/2022,http://pse.kominfo.go.id/api/v1/jsonapi/tdpse-terbit/qr-code/4066,TERDAFTAR,4065,-,ASING,http://pse.kominfo.go.id/api/v1/jsonapi/tdpse-terbit/4066
tdpseTerbit,4065,,BIOMARK DOCTOR PLATFORM,13.227.254.24,Sektor Kesehatan,null,BIOMARK PTE LTD,2022-05-23,2022-05-23,000278.02/DJAI.PSE/05/2022,http://pse.kominfo.go.id/api/v1/jsonapi/tdpse-terbit/qr-code/4065,TERDAFTAR,4064,-,ASING,http://pse.kominfo.go.id/api/v1/jsonapi/tdpse-terbit/4065
tdpseTerbit,4064,,BIOMARK LABORATORY PLATFORM,13.227.254.60,Sektor Kesehatan,null,BIOMARK PTE LTD,2022-05-23,2022-05-23,000278.01/DJAI.PSE/05/2022,http://pse.kominfo.go.id/api/v1/jsonapi/tdpse-terbit/qr-code/4064,TERDAFTAR,4063,-,ASING,http://pse.kominfo.go.id/api/v1/jsonapi/tdpse-terbit/4064
tdpseTerbit,4063,,BIOMARK LABORATORY PLATFORM,13.227.254.60,Sektor Kesehatan,null,BIOMARK PTE LTD,2022-05-23,2022-05-23,000277.03/DJAI.PSE/05/2022,http://pse.kominfo.go.id/api/v1/jsonapi/tdpse-terbit/qr-code/4063,TERDAFTAR,4062,-,ASING,http://pse.kominfo.go.id/api/v1/jsonapi/tdpse-terbit/4063
tdpseTerbit,4062,,BIOMARK MOBILE APPLICATION,13.227.254.72,Sektor Kesehatan,null,BIOMARK PTE LTD,2022-05-23,2022-05-23,000277.02/DJAI.PSE/05/2022,http://pse.kominfo.go.id/api/v1/jsonapi/tdpse-terbit/qr-code/4062,TERDAFTAR,4061,-,ASING,http://pse.kominfo.go.id/api/v1/jsonapi/tdpse-terbit/4062
tdpseTerbit,4061,,BIOMARK DOCTOR PLATFORM,13.227.254.24,Sektor Kesehatan,null,BIOMARK PTE LTD,2022-05-23,2022-05-23,000277.01/DJAI.PSE/05/2022,http://pse.kominfo.go.id/api/v1/jsonapi/tdpse-terbit/qr-code/4061,TERDAFTAR,4060,-,ASING,http://pse.kominfo.go.id/api/v1/jsonapi/tdpse-terbit/4061
tdpseTerbit,4060,,OMEGA: LAYANAN TAKSI,taxiomega.id,Sektor Transportasi,null,GLOBAL SERVICE OMEGA L.L.C-FZ,2022-05-23,2022-05-23,000276.01/DJAI.PSE/05/2022,http://pse.kominfo.go.id/api/v1/jsonapi/tdpse-terbit/qr-code/4060,TERDAFTAR,4059,-,ASING,http://pse.kominfo.go.id/api/v1/jsonapi/tdpse-terbit/4060
tdpseTerbit,4059,,MARIA KALAIJ BLOCKCHAIN TECHNOLOGY SYSTEM,no-website.yet.com,Sektor Keuangan,null,BUT. MARIA TIURMA (THE BANK OF NEW YORK),2022-05-23,2022-05-23,000275.01/DJAI.PSE/05/2022,http://pse.kominfo.go.id/api/v1/jsonapi/tdpse-terbit/qr-code/4059,TERDAFTAR,4058,-,ASING,http://pse.kominfo.go.id/api/v1/jsonapi/tdpse-terbit/4059
tdpseTerbit,4056,,SWIFT SERVICE BUREAU,bottomline.com/apac,Sektor Teknologi Informasi dan Komunikasi,null,BOTTOMLINE TECHNOLOGIES PTE. LTD.,2022-05-23,2022-05-23,000274.01/DJAI.PSE/05/2022,http://pse.kominfo.go.id/api/v1/jsonapi/tdpse-terbit/qr-code/4056,TERDAFTAR,4055,-,ASING,http://pse.kominfo.go.id/api/v1/jsonapi/tdpse-terbit/4056
tdpseTerbit,4055,,LIVEWELL APP AND WEB PORTAL,livewell-portal.zurich.com,Sektor Kesehatan,null,Zurich LiveWell Services and Solutions Ltd.,2022-05-23,2022-05-23,000273.01/DJAI.PSE/05/2022,http://pse.kominfo.go.id/api/v1/jsonapi/tdpse-terbit/qr-code/4055,TERDAFTAR,4054,-,ASING,http://pse.kominfo.go.id/api/v1/jsonapi/tdpse-terbit/4055